id,site,job_url,job_url_direct,title,company,location,date_posted,job_type,is_remote,company_industry,company_url_direct,district,latitude,longitude
in-5e67266314968acd,indeed,https://de.indeed.com/viewjob?jk=5e67266314968acd,https://grnh.se/3ica153t1us,Data & Business Systems Analyst,wolt,"Berlin, BE, DE",2025-10-21,,False,Transport And Freight,https://www.wolt.com,Mitte,52.52,13.405
in-f4e1f7714c40cfd4,indeed,https://de.indeed.com/viewjob?jk=f4e1f7714c40cfd4,https://jobs.eu.lever.co/lovehoneygroup/a19533c9-3054-4c98-a3c3-510ec288522c?lever-source=Indeed,Working Student Data Analyst,Lovehoney Group,"Berlin, BE, DE",2025-10-21,,True,,https://www.lovehoneygroup.com/careers/,Mitte,52.52,13.405
in-f2a036d0cab8518e,indeed,https://de.indeed.com/viewjob?jk=f2a036d0cab8518e,https://about.fritz.com/karriere/jobs/crm-system-specialist-data-analyst-wmd,CRM System Specialist & Data Analyst (w/m/d),FRITZ!,"Berlin, BE, DE",2025-10-21,fulltime,True,,https://jobs.fritz.com/?mtm_campaign=Karriereseite&mtm_kwd=Indeed,Mitte,52.52,13.405
in-fb61a57ce01e7941,indeed,https://de.indeed.com/viewjob?jk=fb61a57ce01e7941,https://jobs.smartrecruiters.com/DeliveryHero/744000089029185-senior-data-scientist-consumer-global-search-,"Senior Data Scientist (Consumer, Global Search)",Delivery Hero,"Berlin, BE, DE",2025-10-21,fulltime,False,Internet And Software,https://bit.ly/3bYJHPP,Mitte,52.52,13.405
in-399a2fa57ce9a458,indeed,https://de.indeed.com/viewjob?jk=399a2fa57ce9a458,https://jobs.siemens-energy.com/Jobs/FolderDetail?folderId=283517,Werkstudent (w/m/d) Data Analyst in der Grobplanung,Siemens Energy,"Berlin, BE, DE",2025-10-21,parttime,False,,https://www.siemens-energy.com/,Mitte,52.52,13.405
in-0e53b4d2bd9b618b,indeed,https://de.indeed.com/viewjob?jk=0e53b4d2bd9b618b,https://marketplaces.wd3.myworkdayjobs.com/en-US/External_Careers/job/Berlin/XMLNAME--Senior--Frontend-Engineer--d-f-m-_JR009936-1,(Senior) Frontend Engineer (d/f/m),Adevinta,"Berlin, BE, DE",2025-10-21,fulltime,True,,https://www.adevinta.com/,Mitte,52.52,13.405
in-1979fa1c7b038a67,indeed,https://de.indeed.com/viewjob?jk=1979fa1c7b038a67,https://jobs.eon.com/en/job/Senior-Data-%26-AI-Consultant--f-m-d-?id=236705&utm_source=Indeed&utm_medium=jobboard,Senior Data & AI Consultant (f/m/d),E.ON,"Berlin, BE, DE",2025-10-21,fulltime,False,,http://www.eon-career.com,Mitte,52.52,13.405
in-a7b555a28cd751ae,indeed,https://de.indeed.com/viewjob?jk=a7b555a28cd751ae,https://www.sumup.com/careers/positions//berlin-germany/data-analytics/analytics-lead-operations/7621291002/?vcc_viewport=desktop&vcc_geo_country=US&vcc_ab_experiments=_website__careers_pages%3Aon%2628006100487%3A27963130817%26default-rollout-173770-18396730089%3Aon%26first-test%3Avariation_1%26everyone%3Aon%26default-rollout-301027-18396730089%3Aon%26default-rollout-345066-18396730089%3Aon%26header_test__only_text__deploytd1_deploytd1%3Atexto_original%26_cl___website__compra_o_arrienda_cta_header%3Awithout_cta&vcc_feature_toggles=_website__navigation_revamp%257C_website__wb_replacement_page_endpoint_careers%257C_website__computed_price%257CU27HjKLUQTyTE3n5Qd8MkW%257C_website__wb_replacement_page_endpoint_manuals%257C_website__prc_coupons%257Ccl_ley_de_transferencias_tracking%257C_cl__homepage_new_ver_test%257C_cl___website__compra_o_arrienda_cta_header&slug=positions,"Analytics Lead, Operations",SumUp,"Berlin, BE, DE",2025-10-20,,False,,https://www.sumup.com/careers/,Mitte,52.52,13.405
in-e2855a15ce0a99cd,indeed,https://de.indeed.com/viewjob?jk=e2855a15ce0a99cd,https://www.sumup.com/careers/positions//berlin-germany/engineering/backend-engineer-lending/8112137002/?vcc_viewport=desktop&vcc_geo_country=US&vcc_ab_experiments=_website__careers_pages%3Aon%2628006100487%3A27963130817%26default-rollout-173770-18396730089%3Aon%26first-test%3Avariation_1%26everyone%3Aon%26default-rollout-301027-18396730089%3Aon%26default-rollout-345066-18396730089%3Aon%26header_test__only_text__deploytd1_deploytd1%3Atexto_original%26_cl___website__compra_o_arrienda_cta_header%3Awithout_cta&vcc_feature_toggles=_website__navigation_revamp%257C_website__wb_replacement_page_endpoint_careers%257C_website__computed_price%257CU27HjKLUQTyTE3n5Qd8MkW%257C_website__wb_replacement_page_endpoint_manuals%257C_website__prc_coupons%257Ccl_ley_de_transferencias_tracking%257C_cl__homepage_new_ver_test%257C_cl___website__compra_o_arrienda_cta_header&slug=positions,Backend Engineer (Lending),SumUp,"Berlin, BE, DE",2025-10-20,,False,,https://www.sumup.com/careers/,Mitte,52.52,13.405
in-1013a7a176edf9df,indeed,https://de.indeed.com/viewjob?jk=1013a7a176edf9df,https://grnh.se/2g4xzwg61us,Fleet Performance Analyst,wolt,"Berlin, BE, DE",2025-10-20,,False,Transport And Freight,https://www.wolt.com,Mitte,52.52,13.405
in-74c52446e5d2b7a3,indeed,https://de.indeed.com/viewjob?jk=74c52446e5d2b7a3,https://app.screenloop.com/careers/formelskin/job_posts/5174?tab=overview,Product Analyst (m/f/d),FORMEL Skin,"Berlin, BE, DE",2025-10-20,fulltime,True,,,Mitte,52.52,13.405
in-afcce0beec59b20d,indeed,https://de.indeed.com/viewjob?jk=afcce0beec59b20d,https://jobs.ashbyhq.com/n8n/0c78f102-f55d-449a-b202-05ca0a606cd9?utm_source=3ZqYBLJ41R,Head of Data,n8n,"Berlin, BE, DE",2025-10-17,fulltime,True,,,Mitte,52.52,13.405
in-168d7bbc312b587a,indeed,https://de.indeed.com/viewjob?jk=168d7bbc312b587a,https://t.gohiring.com/h/580662e2f3992e21bcb197696ba0f3231c549a0ce6f3fdb35a975e422c4b072a?source=Indeed,Senior Data Analyst (m/f/d),7NXT,"Berlin-Kreuzberg, BE, DE",2025-10-17,fulltime,True,,,Kreuzberg,52.4964,13.4184
in-cf73ea3119965441,indeed,https://de.indeed.com/viewjob?jk=cf73ea3119965441,https://kbv.hr4you.org/job/view/1535,Duales Studium – Bachelor of Science Informatik / Data Science,Kassenärztliche Bundesvereinigung KdöR,"Berlin, BE, DE",2025-10-17,,False,,,Mitte,52.52,13.405
in-70beeb4f032e02d4,indeed,https://de.indeed.com/viewjob?jk=70beeb4f032e02d4,https://jobs.smartrecruiters.com/DeliveryHero/744000088496194-senior-staff-data-analyst-people-analytics,Senior/Staff Data Analyst - People Analytics,Delivery Hero,"Berlin, BE, DE",2025-10-17,fulltime,False,Internet And Software,https://bit.ly/3bYJHPP,Mitte,52.52,13.405
in-d49556993705961d,indeed,https://de.indeed.com/viewjob?jk=d49556993705961d,https://jobs.smartrecruiters.com/DeliveryHero/744000088491714-data-scientist-consumer-global-search-,"Data Scientist (Consumer, Global Search)",Delivery Hero,"Berlin, BE, DE",2025-10-17,fulltime,False,Internet And Software,https://bit.ly/3bYJHPP,Mitte,52.52,13.405
in-b79f7cda5cad034f,indeed,https://de.indeed.com/viewjob?jk=b79f7cda5cad034f,https://grnh.se/bd59a792teu,FP&A Analyst (m/f/x),CarOnSale,"Berlin, BE, DE",2025-10-17,,False,,https://www.caronsale.com,Mitte,52.52,13.405
in-9e78d48aa6969204,indeed,https://de.indeed.com/viewjob?jk=9e78d48aa6969204,https://join.com/companies/havau/15040839-data-architect-f-m-d?pid=a13795120131dbe48464,Data Architect (f/m/d),hallo theo,"Berlin, BE, DE",2025-10-16,,False,,,Mitte,52.52,13.405
in-6cfd81be77a95b2c,indeed,https://de.indeed.com/viewjob?jk=6cfd81be77a95b2c,https://www.amazon.jobs/jobs/3110410/data-analyst-aws-fraud-prevention?cmpid=DA_INAD200785B,"Data Analyst, AWS Fraud Prevention",Amazon Web Services,"Berlin, BE, DE",2025-10-16,fulltime,False,,https://aws.amazon.com/careers/why-aws/,Mitte,52.52,13.405
in-0d5e728008c09c53,indeed,https://de.indeed.com/viewjob?jk=0d5e728008c09c53,https://www.amazon.jobs/jobs/3110373/business-analyst-aws-fraud-prevention-compromise?cmpid=DA_INAD200785B,"Business Analyst, AWS Fraud Prevention, Compromise",Amazon Web Services,"Berlin, BE, DE",2025-10-16,fulltime,False,,https://aws.amazon.com/careers/why-aws/,Mitte,52.52,13.405
in-cfb14b7762e87b9e,indeed,https://de.indeed.com/viewjob?jk=cfb14b7762e87b9e,https://jobs.ashbyhq.com/upvest/83a54069-a5ba-4c26-a084-5683b1e01be1?utm_source=O3qYbowvb0,VP/ Director of Finance (f/m/d),Upvest,"Berlin, BE, DE",2025-10-16,fulltime,True,Banks And Financial Services,https://upvest.co/,Mitte,52.52,13.405
in-9e6990d4d9cfd0c5,indeed,https://de.indeed.com/viewjob?jk=9e6990d4d9cfd0c5,https://www.mckinsey.com/careers/search-jobs/jobs/consultant-riskresilience-102040,Consultant - Risk & Resilience,McKinsey & Company,"Berlin, BE, DE",2025-10-16,,False,,,Mitte,52.52,13.405
in-c111e54c8c9c6bc8,indeed,https://de.indeed.com/viewjob?jk=c111e54c8c9c6bc8,https://jobs.smartrecruiters.com/EnpalBV/744000088284971--junior-business-process-manager-in-w-m-d-,(Junior) Business Process Manager:in (w/m/d),Enpal GmbH,"Berlin, BE, DE",2025-10-16,fulltime,False,,https://www.enpal.de/,Mitte,52.52,13.405
in-79367037a2cab5e6,indeed,https://de.indeed.com/viewjob?jk=79367037a2cab5e6,https://jobs.smartrecruiters.com/EnpalBV/744000088285024-business-process-manager-in-w-m-d-,Business Process Manager:in (w/m/d),Enpal GmbH,"Berlin, BE, DE",2025-10-16,fulltime,False,,https://www.enpal.de/,Mitte,52.52,13.405
in-fd95cbd5b71b7221,indeed,https://de.indeed.com/viewjob?jk=fd95cbd5b71b7221,https://www.accenture.com/de-de/careers/jobdetails?id=R00291821_de&title=Data%20Science%20Analyst%20(all%20genders),Data Science Analyst (all genders),Accenture,"Berlin, BE, DE",2025-10-15,fulltime,True,,https://www.accenture.com,Mitte,52.52,13.405
in-6e739b5ef69b68fc,indeed,https://de.indeed.com/viewjob?jk=6e739b5ef69b68fc,https://www.vsb.energy/de/de/karriere/stellenangebote/Senior-Controller-Data-Analyst-wmd-de-j926.html,Senior Controller / Data Analyst (w/m/d),VSB Gruppe,"Berlin, BE, DE",2025-10-15,,False,,https://www.vsb.energy/,Mitte,52.52,13.405
in-0392d95244de8079,indeed,https://de.indeed.com/viewjob?jk=0392d95244de8079,https://jobs.lever.co/xsolla/8f786cd2-89a5-4b2a-a7b9-f9aec8b4a412?lever-source=Indeed,Senior Product Analyst,Xsolla,"Berlin, BE, DE",2025-10-15,fulltime,True,,https://xsolla.com/,Mitte,52.52,13.405
in-b8ef7df4938e12fe,indeed,https://de.indeed.com/viewjob?jk=b8ef7df4938e12fe,http://de.indeed.com/job/crm-analyst-b8ef7df4938e12fe,CRM Analyst,GetAway Group,"Berlin, BE, DE",2025-10-15,fulltime,True,,http://www.getaway.group,Mitte,52.52,13.405
in-2ca58c735e38123e,indeed,https://de.indeed.com/viewjob?jk=2ca58c735e38123e,https://grnh.se/ysep53du1us,Services Administrator (Bilingual - English/German),Yext,"Berlin, BE, DE",2025-10-15,,False,,http://www.yext.com,Mitte,52.52,13.405
li-4316613262,linkedin,https://www.linkedin.com/jobs/view/4316613262,,Fleet Performance Analyst,Wolt,"Berlin, Berlin, Germany",2025-10-20,,False,,,Mitte,52.52,13.405
li-4312081957,linkedin,https://www.linkedin.com/jobs/view/4312081957,,"Data & Analytics Lead (SaaS GTM, Tableau & BI Strategy) (m/f/d)",Shiftmove,"Berlin, Berlin, Germany",2025-10-20,,False,,,Mitte,52.52,13.405
li-4314374219,linkedin,https://www.linkedin.com/jobs/view/4314374219,,"Marketplace Operations Analyst (m/w/d) @ Uber Eats, Berlin",worknow for Uber,"Berlin, Germany",2025-10-20,,False,,,Mitte,52.52,13.405
li-4260121602,linkedin,https://www.linkedin.com/jobs/view/4260121602,,Intern Venture Development (d/m/w),Enpal,"Berlin, Berlin, Germany",2025-10-20,,False,,,Mitte,52.52,13.405
li-4272012222,linkedin,https://www.linkedin.com/jobs/view/4272012222,,Staff Product Analyst - Consumer Product,Delivery Hero,"Berlin, Berlin, Germany",2025-10-19,,False,,,Mitte,52.52,13.405
li-4272088142,linkedin,https://www.linkedin.com/jobs/view/4272088142,,Staff Product Analyst - (Logistics),Delivery Hero,"Berlin, Berlin, Germany",2025-10-19,,False,,,Mitte,52.52,13.405
li-4305780059,linkedin,https://www.linkedin.com/jobs/view/4305780059,,"Junior ESG Data and Reporting Analyst, Operations (m/f/x)",HelloFresh,"Berlin, Berlin, Germany",2025-10-18,,False,,,Mitte,52.52,13.405
li-4299426242,linkedin,https://www.linkedin.com/jobs/view/4299426242,,Data Analyst (m/w/d),FUNKE,"Berlin, Berlin, Germany",2025-10-17,,False,,,Mitte,52.52,13.405
li-4274303592,linkedin,https://www.linkedin.com/jobs/view/4274303592,,Product Data Analyst,Freenow,"Berlin, Berlin, Germany",2025-10-17,,False,,,Mitte,52.52,13.405
li-4316311308,linkedin,https://www.linkedin.com/jobs/view/4316311308,,Data Analyst (m/f/d),Getsafe,"Berlin, Germany",2025-10-17,,False,,,Mitte,52.52,13.405
li-4316036525,linkedin,https://www.linkedin.com/jobs/view/4316036525,,"Data Analyst, AWS Fraud Prevention",Amazon Web Services (AWS),"Berlin, Germany",2025-10-17,,False,,,Mitte,52.52,13.405
li-4284413051,linkedin,https://www.linkedin.com/jobs/view/4284413051,,Senior Data Analyst - Size & Fit (all genders),Zalando,"Berlin, Berlin, Germany",2025-10-17,,False,,,Mitte,52.52,13.405
li-4292173562,linkedin,https://www.linkedin.com/jobs/view/4292173562,,Data Engineer (m|w|d),idealo internet GmbH,"Berlin, Berlin, Germany",2025-10-17,,False,,,Mitte,52.52,13.405
li-4315553964,linkedin,https://www.linkedin.com/jobs/view/4315553964,,Data / Business Analyst (m/w/d) – KPI- / Qualitätsmanagement,Sparkassen Rating und Risikosysteme,"Berlin, Berlin, Germany",2025-10-17,,False,,,Mitte,52.52,13.405
li-4315212636,linkedin,https://www.linkedin.com/jobs/view/4315212636,,Dispatching Intelligence Analyst (m/f/d),Flink,"Berlin, Berlin, Germany",2025-10-16,,False,,,Mitte,52.52,13.405
li-4313046163,linkedin,https://www.linkedin.com/jobs/view/4313046163,,Game Data Analyst,New Moon Production,,2025-10-16,,False,,,,,
li-4315210656,linkedin,https://www.linkedin.com/jobs/view/4315210656,,Decision Scientist (m/f/d),Flink,"Berlin, Berlin, Germany",2025-10-16,,False,,,Mitte,52.52,13.405
li-4312283668,linkedin,https://www.linkedin.com/jobs/view/4312283668,,Data Scientist (Student / Working Student) – Cloover ⚡,Cloover,"Berlin, Berlin, Germany",2025-10-15,,False,,,Mitte,52.52,13.405
li-4312414112,linkedin,https://www.linkedin.com/jobs/view/4312414112,,Trainee (m/w/d) – Risikomanagement | Data Science,Sparkassen Rating und Risikosysteme,"Berlin, Berlin, Germany",2025-10-15,,False,,,Mitte,52.52,13.405
li-4314771691,linkedin,https://www.linkedin.com/jobs/view/4314771691,,"Data Analytics Lead, Consumer Pricing",Wolt,"Berlin, Berlin, Germany",2025-10-15,,False,,,Mitte,52.52,13.405
li-4082229620,linkedin,https://www.linkedin.com/jobs/view/4082229620,,Initiative Application,Flip,"Berlin, Germany",2025-10-15,,False,,,Mitte,52.52,13.405
li-4316993649,linkedin,https://www.linkedin.com/jobs/view/4316993649,,Data & Business Systems Analyst,Wolt,"Berlin, Berlin, Germany",,,False,,,Mitte,52.52,13.405
li-4318123486,linkedin,https://www.linkedin.com/jobs/view/4318123486,,"Business Intelligence Analyst, Operations (m/f/x)",HelloFresh,"Berlin, Berlin, Germany",,,False,,,Mitte,52.52,13.405
li-4264100098,linkedin,https://www.linkedin.com/jobs/view/4264100098,,Digital Analyst E-Commerce,Instaffo,"Berlin, Berlin, Germany",,,False,,,Mitte,52.52,13.405
li-4314976024,linkedin,https://www.linkedin.com/jobs/view/4314976024,,Data Analyst (w/m/d) in der Gruppe „Geschäftsstelle für den Sachverständigenrat zur Begutachtung der gesamtwirtschaftlichen Entwicklung“,Statistisches Bundesamt (Destatis),"Berlin, Berlin, Germany",,,False,,,Mitte,52.52,13.405
li-4315407729,linkedin,https://www.linkedin.com/jobs/view/4315407729,,Werkstudent KI & Datenanalyse,eigens Apothekengruppe,"Berlin, Berlin, Germany",,,False,,,Mitte,52.52,13.405
li-4315404435,linkedin,https://www.linkedin.com/jobs/view/4315404435,,Working Student Data Engineer - Warehouse,Lovehoney Group,"Berlin, Berlin, Germany",,,False,,,Mitte,52.52,13.405
in-164bc0778930ee50,indeed,https://de.indeed.com/viewjob?jk=164bc0778930ee50,https://t.gohiring.com/h/e9d3cedb679eaace79ea38a385aed6ce88238da163c8382ecc525d36b0d33335?source=Indeed,Technical Writer (f/m/d),SPREAD GmbH,"Berlin-Kreuzberg, BE, DE",2025-10-21,fulltime,False,,https://www.spread.ai/,Kreuzberg,52.4964,13.4184
in-70a7f4af59820adf,indeed,https://de.indeed.com/viewjob?jk=70a7f4af59820adf,https://apply.workable.com/j/CA67FBFD19,Senior Backend Engineer,Reliant AI,"Berlin, BE, DE",2025-10-21,fulltime,True,,,Mitte,52.52,13.405
in-00215e702d69ab97,indeed,https://de.indeed.com/viewjob?jk=00215e702d69ab97,https://t.gohiring.com/h/b4e9fa97c8ebdf3839fab3e094fee0162b429e32335b32c331624b8fba700f5f?source=Indeed,Working Student – Strategy & Business Development,deepset GmbH,"Berlin, BE, DE",2025-10-21,parttime,True,,,Mitte,52.52,13.405
in-ee15da58b1cafec6,indeed,https://de.indeed.com/viewjob?jk=ee15da58b1cafec6,https://grnh.se/exjvmv2g1us,Site Reliability Expert II - all genders,Lightspeed,"Berlin, BE, DE",2025-10-21,,True,,https://www.lightspeedhq.com,Mitte,52.52,13.405
in-6d0a556146a0ce5d,indeed,https://de.indeed.com/viewjob?jk=6d0a556146a0ce5d,https://jobs.smartrecruiters.com/ScalableGmbH/744000089003369--senior-fullstack-software-engineer-java-kotlin-python-javascript-m-f-x-onsite-remote-in-germany-,(Senior) Fullstack Software Engineer (Java/Kotlin/Python/JavaScript) (m/f/x) (onsite / remote in Germany),Scalable,"Berlin, BE, DE",2025-10-21,fulltime,True,,https://scalablepress.com,Mitte,52.52,13.405
in-36a054551fbe5cf6,indeed,https://de.indeed.com/viewjob?jk=36a054551fbe5cf6,https://jobs.ashbyhq.com/AeroVect/b25487ea-a90d-4083-abe7-5f571c28f8c7?utm_source=Eop7pMkGOp,"Software Engineer, Platform",AeroVect,"Berlin, BE, DE",2025-10-20,fulltime,True,,,Mitte,52.52,13.405
in-ef61d167dd5c5ea4,indeed,https://de.indeed.com/viewjob?jk=ef61d167dd5c5ea4,https://jobs.sap.com/job/Berlin-DevOps-Engineer-Database-Infra-Team-in-CloudOS-Group-in-P&E-SAP-Signavio-%28mfd%29-10557/1260098001/?feedId=118200&utm_source=Indeed&utm_campaign=SAP_Indeed,DevOps Engineer - Database Infra Team in CloudOS Group in P&E SAP Signavio (m/f/d),SAP,"Berlin, BE, DE",2025-10-20,fulltime,False,Internet And Software,http://jobs.sap.com,Mitte,52.52,13.405
in-6e11f6b50ec5bf7b,indeed,https://de.indeed.com/viewjob?jk=6e11f6b50ec5bf7b,https://www.sumup.com/careers/positions//berlin-germany/data-engineerscientist/senior-machine-learning-engineer-i/8128496002/?vcc_viewport=desktop&vcc_geo_country=US&vcc_ab_experiments=_website__careers_pages%3Aon%2628006100487%3A27963130817%26default-rollout-173770-18396730089%3Aon%26first-test%3Avariation_1%26everyone%3Aon%26default-rollout-301027-18396730089%3Aon%26default-rollout-345066-18396730089%3Aon%26header_test__only_text__deploytd1_deploytd1%3Atexto_original%26_cl___website__compra_o_arrienda_cta_header%3Awithout_cta&vcc_feature_toggles=_website__navigation_revamp%257C_website__wb_replacement_page_endpoint_careers%257C_website__computed_price%257CU27HjKLUQTyTE3n5Qd8MkW%257C_website__wb_replacement_page_endpoint_manuals%257C_website__prc_coupons%257Ccl_ley_de_transferencias_tracking%257C_cl__homepage_new_ver_test%257C_cl___website__compra_o_arrienda_cta_header&slug=positions,Senior Machine Learning Engineer I,SumUp,"Berlin, BE, DE",2025-10-20,,False,,https://www.sumup.com/careers/,Mitte,52.52,13.405
in-913b3ebd2e974e3e,indeed,https://de.indeed.com/viewjob?jk=913b3ebd2e974e3e,https://jobs.smartrecruiters.com/Avaloq1/744000088842040-devops-engineer-mobile-banking-eu,DevOps Engineer Mobile Banking EU,Avaloq,"Berlin, BE, DE",2025-10-20,fulltime,False,,https://www.avaloq.com/en/home,Mitte,52.52,13.405
in-0254390aeed5dc29,indeed,https://de.indeed.com/viewjob?jk=0254390aeed5dc29,https://dhi.career.emply.com/ad/qa-automation-engineer/d4aob9/en,QA Automation Engineer,DHI Group,"Berlin, BE, DE",2025-10-20,fulltime,False,,https://www.dhigroup.com/contact-us,Mitte,52.52,13.405
in-72a84cb0f2aa24b9,indeed,https://de.indeed.com/viewjob?jk=72a84cb0f2aa24b9,https://jobs.sap.com/job/Berlin-Senior-Developer-%28fmd%29-SAP-LeanIX-10557/1237952801/?feedId=118200&utm_source=Indeed&utm_campaign=SAP_Indeed,Senior Developer (f/m/d) - SAP LeanIX,SAP,"Berlin, BE, DE",2025-10-18,fulltime,True,Internet And Software,http://jobs.sap.com,Mitte,52.52,13.405
in-b77e3dbc0ff40ba0,indeed,https://de.indeed.com/viewjob?jk=b77e3dbc0ff40ba0,https://codefirstgirls.bamboohr.com/careers/113?source=indeed&src=indeed&postedDate=2025-10-17,Java Developer,CODE FIRST GIRLS,"Berlin, BE, DE",2025-10-17,fulltime,False,,,Mitte,52.52,13.405
in-3dd823e5ca9cd126,indeed,https://de.indeed.com/viewjob?jk=3dd823e5ca9cd126,https://constellr.recruitee.com/o/mission-operations-segment-software-engineer?source=Indeed,Mission Operations Segment - Software Engineer,ConstellR,"Berlin, BE, DE",2025-10-17,fulltime,True,,,Mitte,52.52,13.405
in-f862f1e5fdba8eb4,indeed,https://de.indeed.com/viewjob?jk=f862f1e5fdba8eb4,https://constellr.recruitee.com/o/full-stack-developer-mission-operations-segment?source=Indeed,Full-Stack Developer - Mission Operations Segment,ConstellR,"Berlin, BE, DE",2025-10-17,fulltime,True,,,Mitte,52.52,13.405
in-1d18a3735a2ad24e,indeed,https://de.indeed.com/viewjob?jk=1d18a3735a2ad24e,https://jobs.ashbyhq.com/voodoo/8269ba42-f4ea-4eae-acf5-b81e31c8add4?utm_source=nedy21l72a,Tools Developer - Hole.io,Voodoo,"Berlin, BE, DE",2025-10-17,fulltime,True,,http://www.voodoo.io,Mitte,52.52,13.405
in-f96740ad6076047e,indeed,https://de.indeed.com/viewjob?jk=f96740ad6076047e,http://de.indeed.com/job/backend-engineer-mfx-f96740ad6076047e,Backend Engineer (m/f/x),VERBI Software GmbH,"Berlin, BE, DE",2025-10-17,fulltime,True,,https://www.maxqda.com/,Mitte,52.52,13.405
in-9341181575bfd75e,indeed,https://de.indeed.com/viewjob?jk=9341181575bfd75e,https://jobs.sap.com/job/Berlin-DevOps-Engineer-%28fmd%29-SAP-Sovereign-Cloud-10557/1143784001/?feedId=118200&utm_source=Indeed&utm_campaign=SAP_Indeed,DevOps Engineer (f/m/d) - SAP Sovereign Cloud,SAP,"Berlin, BE, DE",2025-10-16,fulltime,False,Internet And Software,http://jobs.sap.com,Mitte,52.52,13.405
in-fec99f9714761b4f,indeed,https://de.indeed.com/viewjob?jk=fec99f9714761b4f,https://t.gohiring.com/h/63a67b373b59d349078ec087c15519cdd65c7ee9b7f6d4e9ee4faabb4e9a0224?source=Indeed,Customer Reliability Engineer,deepset GmbH,"Berlin, BE, DE",2025-10-16,fulltime,True,,,Mitte,52.52,13.405
in-f7bab2d18747fca1,indeed,https://de.indeed.com/viewjob?jk=f7bab2d18747fca1,https://grnh.se/dp8mqnin1us,Staff Database Administrator,Wikimedia Foundation,"Berlin, BE, DE",2025-10-15,,True,,http://www.wikimediafoundation.org,Mitte,52.52,13.405
in-ba02e439d19b7e63,indeed,https://de.indeed.com/viewjob?jk=ba02e439d19b7e63,https://www.karriere.fichtner.de/stellenportal/senior-software-developer-php-python-apis-pimcore,"Senior Software Entwickler (m/w/d) – PHP, Python, API’s, Pimcore",Fichtner GmbH & Co. KG,"Berlin, BE, DE",2025-10-15,,False,,https://www.fichtner.de,Mitte,52.52,13.405
in-af4ad6e4a84706d3,indeed,https://de.indeed.com/viewjob?jk=af4ad6e4a84706d3,https://grnh.se/am64sykh4us,Senior Data Scientist (all genders) in Berlin,Ridedott,"Berlin, BE, DE",2025-10-15,fulltime,True,Auto,https://ridedott.com,Mitte,52.52,13.405
in-770b4ccc03227248,indeed,https://de.indeed.com/viewjob?jk=770b4ccc03227248,https://www.amazon.jobs/jobs/3079442/cloud-support-associate-german--english-speaking?cmpid=DA_INAD200785B,Cloud Support Associate (German & English speaking),Amazon Web Services,"Berlin, BE, DE",2025-09-10,fulltime,False,,https://aws.amazon.com/careers/why-aws/,Mitte,52.52,13.405
li-4214737441,linkedin,https://www.linkedin.com/jobs/view/4214737441,,Senior Software Developer (Python),reeeliance,"Berlin, Germany",2025-10-20,,False,,,Mitte,52.52,13.405
li-4317327352,linkedin,https://www.linkedin.com/jobs/view/4317327352,,Web Developer (m/w/d),Elithair,"Berlin, Berlin, Germany",2025-10-20,,False,,,Mitte,52.52,13.405
li-4316625205,linkedin,https://www.linkedin.com/jobs/view/4316625205,,Software Engineer (.NET Backend) (f/m/d),Enpal,"Berlin, Berlin, Germany",2025-10-20,,False,,,Mitte,52.52,13.405
li-4316477204,linkedin,https://www.linkedin.com/jobs/view/4316477204,,Java Backend Engineer,MODIFI,"Berlin, Berlin, Germany",2025-10-20,,False,,,Mitte,52.52,13.405
li-4316477122,linkedin,https://www.linkedin.com/jobs/view/4316477122,,Senior Software Engineer (Fullstack) (f/m/d) - Metrify Smart Metering,Enpal,"Berlin, Berlin, Germany",2025-10-20,,False,,,Mitte,52.52,13.405
li-4259177976,linkedin,https://www.linkedin.com/jobs/view/4259177976,,Senior Full‑Stack Engineer (m/f/d),Axel Springer National Media & Tech GmbH & Co. KG,"Berlin, Germany",2025-10-20,,False,,,Mitte,52.52,13.405
li-4314310478,linkedin,https://www.linkedin.com/jobs/view/4314310478,,Python Software Engineer (all) - Mid-level,Sonia,"Berlin, Berlin, Germany",2025-10-19,,False,,,Mitte,52.52,13.405
li-4296326120,linkedin,https://www.linkedin.com/jobs/view/4296326120,,Backend Engineer – Python,TechTree,"Berlin, Berlin, Germany",2025-10-19,,False,,,Mitte,52.52,13.405
li-4314336888,linkedin,https://www.linkedin.com/jobs/view/4314336888,,Part-Time Senior Full-Stack Engineer (Python/Django) (gn),voiio,"Berlin, Berlin, Germany",2025-10-18,,False,,,Mitte,52.52,13.405
li-4315583056,linkedin,https://www.linkedin.com/jobs/view/4315583056,,Back End Developer,Digital Waffle,"Berlin, Germany",2025-10-17,,False,,,Mitte,52.52,13.405
li-4309541359,linkedin,https://www.linkedin.com/jobs/view/4309541359,,Fullstack Python Software Engineer,Cavendish Professionals,"Berlin, Germany",2025-10-17,,False,,,Mitte,52.52,13.405
li-4313316345,linkedin,https://www.linkedin.com/jobs/view/4313316345,,Full-Stack-Developer,AMS Gruppe,"Berlin, Berlin, Germany",2025-10-17,,False,,,Mitte,52.52,13.405
li-4313328933,linkedin,https://www.linkedin.com/jobs/view/4313328933,,Full Stack Engineer,Hawksman Technology,"Berlin, Germany",2025-10-17,,False,,,Mitte,52.52,13.405
li-4312485065,linkedin,https://www.linkedin.com/jobs/view/4312485065,,Full Stack Engineer - Flutter/Python (m/f/d),BlazeSQL,"Berlin, Berlin, Germany",2025-10-16,,False,,,Mitte,52.52,13.405
li-4315809384,linkedin,https://www.linkedin.com/jobs/view/4315809384,,Full Stack Engineer(m/f/x),topi,"Berlin, Germany",2025-10-16,,False,,,Mitte,52.52,13.405
li-4315680601,linkedin,https://www.linkedin.com/jobs/view/4315680601,,"Briink - Backend Engineer, AI/ML & Climate Tech (Mid to Senior)",Merantix Capital,"Berlin, Berlin, Germany",2025-10-16,,False,,,Mitte,52.52,13.405
li-4313020654,linkedin,https://www.linkedin.com/jobs/view/4313020654,,"Briink - Backend Engineer, AI/ML & Climate Tech (Mid to Senior)",Briink,"Berlin, Berlin, Germany",2025-10-16,,False,,,Mitte,52.52,13.405
li-4315081249,linkedin,https://www.linkedin.com/jobs/view/4315081249,,Junior Softwareentwickler KI & Automatisierung (m/w/d),mgm technology partners,"Berlin, Berlin, Germany",2025-10-16,,False,,,Mitte,52.52,13.405
li-4304549178,linkedin,https://www.linkedin.com/jobs/view/4304549178,,"Senior Backend Engineer, App (m/f/d)",Redcare Pharmacy,"Berlin, Berlin, Germany",2025-10-16,,False,,,Mitte,52.52,13.405
li-4312250437,linkedin,https://www.linkedin.com/jobs/view/4312250437,,Full Stack Engineer - AI Software Start-up,Glorya GmbH,"Berlin, Berlin, Germany",2025-10-15,,False,,,Mitte,52.52,13.405
li-4315148347,linkedin,https://www.linkedin.com/jobs/view/4315148347,,Backend Developer (m/f/d),Belden Inc.,"Berlin, Germany",2025-10-15,,False,,,Mitte,52.52,13.405
li-4315406481,linkedin,https://www.linkedin.com/jobs/view/4315406481,,Python Software Engineer (all),Sonia,"Berlin, Berlin, Germany",,,False,,,Mitte,52.52,13.405
li-4297844061,linkedin,https://www.linkedin.com/jobs/view/4297844061,,"Staff Engineer, Python - (Logistics, AI Autopilot)",Delivery Hero,"Berlin, Berlin, Germany",,,False,,,Mitte,52.52,13.405
li-4292805065,linkedin,https://www.linkedin.com/jobs/view/4292805065,,Backend Engineer - Everyday Banking,N26,"Berlin, Berlin, Germany",,,False,,,Mitte,52.52,13.405
li-4308015859,linkedin,https://www.linkedin.com/jobs/view/4308015859,,(Senior) Backend Developer (Python + Django) -,Instaffo,"Berlin, Berlin, Germany",,,False,,,Mitte,52.52,13.405
li-4314973140,linkedin,https://www.linkedin.com/jobs/view/4314973140,,Full Stack Developer (f/m/d),Enpal,"Berlin, Berlin, Germany",,,False,,,Mitte,52.52,13.405
li-4316918294,linkedin,https://www.linkedin.com/jobs/view/4316918294,,Solution Engineer (JS/Python),Menlo79 GmbH,"Berlin, Berlin, Germany",,,False,,,Mitte,52.52,13.405
li-4317881465,linkedin,https://www.linkedin.com/jobs/view/4317881465,,Senior Full-Stack Developer,TripleTen,"Berlin, Berlin, Germany",,,False,,,Mitte,52.52,13.405
in-96b83a6f5f8373aa,indeed,https://de.indeed.com/viewjob?jk=96b83a6f5f8373aa,https://join.com/companies/fourenergy/15064648-werkstudent-it-m-w-d?pid=a13795120131dbe48464,Werkstudent IT (m/w/d),FOURENERGY GmbH,"Berlin, BE, DE",2025-10-21,,False,,http://www.fourenergy.de,Mitte,52.52,13.405
in-5cd82f574b038a8a,indeed,https://de.indeed.com/viewjob?jk=5cd82f574b038a8a,https://join.com/companies/fourenergy/15064067-people-operation-manager?pid=a13795120131dbe48464,People Operation Manager,FOURENERGY GmbH,"Berlin, BE, DE",2025-10-21,,True,,http://www.fourenergy.de,Mitte,52.52,13.405
in-46e5e9ffe6821ca2,indeed,https://de.indeed.com/viewjob?jk=46e5e9ffe6821ca2,http://de.indeed.com/job/development-manager-business-analyst-mwd-46e5e9ffe6821ca2,Development Manager / Business Analyst (m/w/d),hedera gruppe GmbH,"Berlin, BE, DE",2025-10-21,fulltime,True,,,Mitte,52.52,13.405
in-66e0348345c6fcfd,indeed,https://de.indeed.com/viewjob?jk=66e0348345c6fcfd,https://stark.jobs.personio.com/job/2395291?language=en,Strategy & Operations Analyst (all genders),Stark Systems,"Berlin, BE, DE",2025-10-20,fulltime,False,,,Mitte,52.52,13.405
in-3e52fac5ac1b114a,indeed,https://de.indeed.com/viewjob?jk=3e52fac5ac1b114a,https://jobs.smartrecruiters.com/Avaloq1/744000088856564-team-head-business-analyst-mobile-banking-eu,Team Head & Business Analyst Mobile Banking EU,Avaloq,"Berlin, BE, DE",2025-10-20,fulltime,False,,https://www.avaloq.com/en/home,Mitte,52.52,13.405
in-9ccd0b5235410871,indeed,https://de.indeed.com/viewjob?jk=9ccd0b5235410871,https://join.com/companies/positivethinkingcompanytech/15059387-frontend-entwickler-m-w-d?pid=a13795120131dbe48464,Frontend-Entwickler (m/w/d),Collaboration Betters the World,"Berlin, BE, DE",2025-10-20,,True,,,Mitte,52.52,13.405
in-fc0b8129fff22fa9,indeed,https://de.indeed.com/viewjob?jk=fc0b8129fff22fa9,https://jobs.smartrecruiters.com/Avaloq1/744000088838407-business-analyst-production-support-wealth-front,Business Analyst Production Support - Wealth & Front,Avaloq,"Berlin, BE, DE",2025-10-20,fulltime,False,,https://www.avaloq.com/en/home,Mitte,52.52,13.405
in-63bd3dfda89dcf60,indeed,https://de.indeed.com/viewjob?jk=63bd3dfda89dcf60,https://jobs.smartrecruiters.com/enertrag/744000087915405--(senior)-financial-analyst-(m/w/d)-,(Senior) Financial Analyst (m/w/d),ENERTRAG SE,"Berlin, BE, DE",2025-10-15,fulltime,True,,https://enertrag.com,Mitte,52.52,13.405
in-74b84cff7e4df657,indeed,https://de.indeed.com/viewjob?jk=74b84cff7e4df657,https://careers-hyland.icims.com/jobs/12853/job?utm_source=indeed_integration&iis=Job%20Board&iisn=Indeed&indeed-apply-token=73a2d2b2a8d6d5c0a62696875eaebd669103652d3f0c2cd5445d3e66b1592b0f,"Manager, Product Management",Hyland,"Berlin, BE, DE",2025-09-11,fulltime,True,Internet And Software,https://www.hyland.com,Mitte,52.52,13.405
li-4317378289,linkedin,https://www.linkedin.com/jobs/view/4317378289,,Strategy & Operations Analyst (all genders),STARK,"Berlin, Berlin, Germany",2025-10-20,,False,,,Mitte,52.52,13.405
li-4168366044,linkedin,https://www.linkedin.com/jobs/view/4168366044,,Duales Studium Gesundheitsmanagement (B.A.) am Campus oder virtuell,IU International University of Applied Sciences,"Berlin, Berlin, Germany",2025-10-20,,False,,,Mitte,52.52,13.405
li-4259083680,linkedin,https://www.linkedin.com/jobs/view/4259083680,,"Manager Marketing Tech & Analytics (m/f/d), Part-Time 20h",Sanoptis,"Berlin, Berlin, Germany",2025-10-20,,False,,,Mitte,52.52,13.405
li-4247164413,linkedin,https://www.linkedin.com/jobs/view/4247164413,,Analyst Strategy & Growth | CGO Office (w/m/d),Enpal,"Berlin, Berlin, Germany",2025-10-19,,False,,,Mitte,52.52,13.405
li-4261742462,linkedin,https://www.linkedin.com/jobs/view/4261742462,,Duales Studium Betriebswirtschaftslehre (B.A) - Schwerpunkt Filiale (m/w/d),SIXT,"Berlin, Berlin, Germany",2025-10-19,,False,,,Mitte,52.52,13.405
li-4313320891,linkedin,https://www.linkedin.com/jobs/view/4313320891,,(Senior) Business Process Analyst,Lloyds Bank Deutschland,"Berlin, Berlin, Germany",2025-10-17,,False,,,Mitte,52.52,13.405
li-4315569536,linkedin,https://www.linkedin.com/jobs/view/4315569536,,"Senior Strategy Analyst, MENA & Europe (In-House Consulting)",Delivery Hero,"Berlin, Berlin, Germany",2025-10-17,,False,,,Mitte,52.52,13.405
li-4316028770,linkedin,https://www.linkedin.com/jobs/view/4316028770,,"Business Analyst, AWS Fraud Prevention, Compromise",Amazon Web Services (AWS),"Berlin, Germany",2025-10-17,,False,,,Mitte,52.52,13.405
li-4316376680,linkedin,https://www.linkedin.com/jobs/view/4316376680,,Strategy & Business Analyst (d/m/w),Amadeus Fire,"Berlin, Berlin, Germany",2025-10-17,,False,,,Mitte,52.52,13.405
li-4315707612,linkedin,https://www.linkedin.com/jobs/view/4315707612,,Business Analyst (w/m/d),EY,"Berlin, Berlin, Germany",2025-10-17,,False,,,Mitte,52.52,13.405
li-4303755234,linkedin,https://www.linkedin.com/jobs/view/4303755234,,Consultant / Business Analyst - Digital Commerce / eCommerce (m/w/x),Deloitte,"Berlin, Berlin, Germany",2025-10-17,,False,,,Mitte,52.52,13.405
li-4316308822,linkedin,https://www.linkedin.com/jobs/view/4316308822,,Business Analyst (m/w/d) EE Krankenhaus,AOK Systems GmbH,"Frankfurt an der Oder, Brandenburg, Germany",2025-10-17,,False,,,,,
li-4316331453,linkedin,https://www.linkedin.com/jobs/view/4316331453,,Senior Business Analyst (Maternity Cover),Springer Nature,"Berlin, Berlin, Germany",2025-10-17,,False,,,Mitte,52.52,13.405
li-4294599115,linkedin,https://www.linkedin.com/jobs/view/4294599115,,Business Analyst Datenmigration (all genders),adesso insurance solutions GmbH,"Berlin, Berlin, Germany",2025-10-17,,False,,,Mitte,52.52,13.405
li-3733045001,linkedin,https://www.linkedin.com/jobs/view/3733045001,,Senior IT-Consultant / Business Analyst Versicherungen (all genders),adesso SE,"Berlin, Berlin, Germany",2025-10-17,,False,,,Mitte,52.52,13.405
li-4284405899,linkedin,https://www.linkedin.com/jobs/view/4284405899,,Senior Data Analyst - Size & Fit (all genders) AS,Zalando,"Berlin, Berlin, Germany",2025-10-17,,False,,,Mitte,52.52,13.405
li-4315201617,linkedin,https://www.linkedin.com/jobs/view/4315201617,,(Junior) Business Process Manager:in (w/m/d),Enpal,"Berlin, Berlin, Germany",2025-10-16,,False,,,Mitte,52.52,13.405
li-4315842473,linkedin,https://www.linkedin.com/jobs/view/4315842473,,(Junior) Business Process Manager:in  (w/m/d),Enpal,"Berlin, Berlin, Germany",2025-10-16,,False,,,Mitte,52.52,13.405
li-4315206447,linkedin,https://www.linkedin.com/jobs/view/4315206447,,Business Process Manager:in (w/m/d),Enpal,"Berlin, Berlin, Germany",2025-10-16,,False,,,Mitte,52.52,13.405
li-4261126526,linkedin,https://www.linkedin.com/jobs/view/4261126526,,Senior Trading & Promotion Analyst (m/w/d),Just Eat Takeaway.com,"Berlin, Berlin, Germany",2025-10-16,,False,,,Mitte,52.52,13.405
li-4304988344,linkedin,https://www.linkedin.com/jobs/view/4304988344,,"Fraud Investigation Analyst, AWS Fraud Prevention, Compromise",Amazon Web Services (AWS),"Berlin, Germany",2025-10-15,,False,,,Mitte,52.52,13.405
li-3802371435,linkedin,https://www.linkedin.com/jobs/view/3802371435,,Duales Studium Immobilienwirtschaft (B.A.) am Campus oder virtuell,IU International University of Applied Sciences,"Berlin, Berlin, Germany",2025-10-15,,False,,,Mitte,52.52,13.405
li-4308026399,linkedin,https://www.linkedin.com/jobs/view/4308026399,,Senior Business Analyst Operations for People & Organisation (all genders),Zalando,"Berlin, Berlin, Germany",,,False,,,Mitte,52.52,13.405
li-4285533415,linkedin,https://www.linkedin.com/jobs/view/4285533415,,Growth Strategy Analyst (Madrid based),Fever,"Berlin, Berlin, Germany",,,False,,,Mitte,52.52,13.405
li-4285528619,linkedin,https://www.linkedin.com/jobs/view/4285528619,,Growth Strategy Senior Analyst (Madrid based),Fever,"Berlin, Berlin, Germany",,,False,,,Mitte,52.52,13.405
li-4318172215,linkedin,https://www.linkedin.com/jobs/view/4318172215,,Lead Technology Management Office (m/w/d),BWI GmbH,"Berlin, Berlin, Germany",,,False,,,Mitte,52.52,13.405
in-0e0f6e8b2955bd8b,indeed,https://de.indeed.com/viewjob?jk=0e0f6e8b2955bd8b,https://ats.rippling.com/prisma-careers/jobs/d03e082e-5bb1-4295-8e81-64acf7b4408b?jobSite=Indeed,Senior Backend Engineer (TypeScript) [Prisma Postgres],Prisma Data,"Berlin, BE, DE",2025-10-21,fulltime,True,,http://www.prisma.io,Mitte,52.52,13.405
in-0aca44e7c4c80af4,indeed,https://de.indeed.com/viewjob?jk=0aca44e7c4c80af4,https://karriere.medicalhaircompany.com/stellenangebote/Web-Developer-Berlin-Elithair--885339395?ref=9910111000&utm_medium=organic&utm_source=indeed,Web Developer (m/w/d),Medical Hair Company GmbH,"Berlin, BE, DE",2025-10-20,,False,Media News And Publishing,https://medicalhaircompany.com/,Mitte,52.52,13.405
in-c45caff4dcb43487,indeed,https://de.indeed.com/viewjob?jk=c45caff4dcb43487,https://join.com/companies/positivethinkingcompanytech/15061602-java-developer-m-w-d?pid=a13795120131dbe48464,Java Developer (m/w/d),Collaboration Betters the World,"Berlin, BE, DE",2025-10-20,,True,,,Mitte,52.52,13.405
in-1493599a69403c21,indeed,https://de.indeed.com/viewjob?jk=1493599a69403c21,https://www.sumup.com/careers/positions//berlin-germany/engineering/senior-fullstack-engineer/8150297002/?vcc_viewport=desktop&vcc_geo_country=US&vcc_ab_experiments=_website__careers_pages%3Aon%2628006100487%3A27963130817%26default-rollout-173770-18396730089%3Aon%26first-test%3Avariation_1%26everyone%3Aon%26default-rollout-301027-18396730089%3Aon%26default-rollout-345066-18396730089%3Aon%26header_test__only_text__deploytd1_deploytd1%3Atexto_original%26_cl___website__compra_o_arrienda_cta_header%3Awithout_cta&vcc_feature_toggles=_website__navigation_revamp%257C_website__wb_replacement_page_endpoint_careers%257C_website__computed_price%257CU27HjKLUQTyTE3n5Qd8MkW%257C_website__wb_replacement_page_endpoint_manuals%257C_website__prc_coupons%257Ccl_ley_de_transferencias_tracking%257C_cl__homepage_new_ver_test%257C_cl___website__compra_o_arrienda_cta_header&slug=positions,(Senior) Full-Stack Engineer,SumUp,"Berlin, BE, DE",2025-10-20,,False,,https://www.sumup.com/careers/,Mitte,52.52,13.405
in-69d13cf96ad78e21,indeed,https://de.indeed.com/viewjob?jk=69d13cf96ad78e21,https://careers.wolt.com/en/jobs/7337415,Senior Backend Engineer (Golang) - Support Engineering Group,wolt,"Berlin, BE, DE",2025-10-16,fulltime,False,Transport And Freight,https://www.wolt.com,Mitte,52.52,13.405
in-14865c7d36e90a8a,indeed,https://de.indeed.com/viewjob?jk=14865c7d36e90a8a,https://sunday.jobs.personio.de/job/2392023?language=en,Team Lead Magento (all genders),Sunday Natural,"Berlin, BE, DE",2025-10-16,fulltime,False,,https://www.sunday.de/,Mitte,52.52,13.405
in-7b7c7ef60d72a237,indeed,https://de.indeed.com/viewjob?jk=7b7c7ef60d72a237,https://careers.wolt.com/en/jobs/7334825,Senior Backend Engineer (Node.js),wolt,"Berlin, BE, DE",2025-10-15,fulltime,False,Transport And Freight,https://www.wolt.com,Mitte,52.52,13.405
in-127427dd543f82de,indeed,https://de.indeed.com/viewjob?jk=127427dd543f82de,http://de.indeed.com/job/backend-developer-mwd-java-127427dd543f82de,Backend Developer (m/w/d) - Java,Biting Bit GmbH,"Berlin, BE, DE",2025-10-15,fulltime,True,,,Mitte,52.52,13.405
li-4315050227,linkedin,https://www.linkedin.com/jobs/view/4315050227,,Senior Data Scientist  (all genders) in Berlin,Dott,"Berlin, Germany",2025-10-15,,False,,,Mitte,52.52,13.405
li-4304673505,linkedin,https://www.linkedin.com/jobs/view/4304673505,,"Software Engineer API (f/m/d) - Node.js, SQL",smartclip,"Berlin, Germany",,,False,,,Mitte,52.52,13.405
li-4317843213,linkedin,https://www.linkedin.com/jobs/view/4317843213,,.NET Software Engineer,Noir,"Berlin, Germany",,,False,,,Mitte,52.52,13.405
in-41d058ea18e0dd66,indeed,https://de.indeed.com/viewjob?jk=41d058ea18e0dd66,https://ypog.scope-recruiting.de/?page=job&id=84541&location=6081&utm_campaign=heyrecruit-multiposting&utm_source=indeed&utm_medium=kostenloses-multiposting,Senior Cloud Architect (Azure) (m/w/d),,"Berlin, BE, DE",2025-10-21,fulltime,True,,,Mitte,52.52,13.405
in-007670f0096b32e3,indeed,https://de.indeed.com/viewjob?jk=007670f0096b32e3,https://grnh.se/sgzhdi5o3us,(Junior) Software Engineer (Frontend) (m/w/x),Grover,"Berlin, BE, DE",2025-10-21,fulltime,False,,https://www.grover.com/de-en,Mitte,52.52,13.405
in-b9e574acbde34017,indeed,https://de.indeed.com/viewjob?jk=b9e574acbde34017,https://jobs.ashbyhq.com/sosafe/34b47eda-eace-401b-b8ba-240deedae4b6?utm_source=WRqJjKr3Kw,Staff Engineer - Policy as Code (m/f/d),SoSafe GmbH,"Berlin, BE, DE",2025-10-21,fulltime,False,,https://sosafe-awareness.com/,Mitte,52.52,13.405
in-707418ecf0e1ab74,indeed,https://de.indeed.com/viewjob?jk=707418ecf0e1ab74,https://www.bwi.de/karriere/stellenangebote/job/senior-platform-engineer-kubernetes-ai-services-w-m-d-63597?tx_bwi_jobshow%5Bexternal%5D=0&cHash=54b6a56ae950568af307997bbe04969d,Senior Platform Engineer Kubernetes & AI Services (w/m/d),BWI GmbH,"Berlin, BE, DE",2025-10-21,fulltime,False,,https://www.bwi.de,Mitte,52.52,13.405
in-27a170b507b54ddc,indeed,https://de.indeed.com/viewjob?jk=27a170b507b54ddc,https://join.com/companies/positivethinkingcompanytech/15061585-senior-data-engineer-databricks?pid=a13795120131dbe48464,Senior Data Engineer (Databricks),Collaboration Betters the World,"Berlin, BE, DE",2025-10-20,,True,,,Mitte,52.52,13.405
in-95c3b85e8c7737a7,indeed,https://de.indeed.com/viewjob?jk=95c3b85e8c7737a7,https://jobs.sap.com/job/Berlin-Senior-DevOps-Engineer-%28fmd%29-OpenStack-&-Cloud-Infrastructure-10557/1227513501/?feedId=118200&utm_source=Indeed&utm_campaign=SAP_Indeed,Senior DevOps Engineer (f/m/d) OpenStack & Cloud Infrastructure,SAP,"Berlin, BE, DE",2025-10-20,"parttime, fulltime",False,Internet And Software,http://jobs.sap.com,Mitte,52.52,13.405
in-811352f82d147662,indeed,https://de.indeed.com/viewjob?jk=811352f82d147662,https://karriere.stromnetz.berlin/job/view/1139,IT4IT Systemadministrator*in,Stromnetz Berlin GmbH,"Berlin, BE, DE",2025-10-20,,False,,https://www.stromnetz.berlin,Mitte,52.52,13.405
in-5a37c0e0f2b376b9,indeed,https://de.indeed.com/viewjob?jk=5a37c0e0f2b376b9,https://join.com/companies/qvestgroup/15057322-technology-consultant-oder-it-consultant-m-w-d?pid=a13795120131dbe48464,Technology Consultant oder IT Consultant (m/w/d),Qvest,"Berlin, BE, DE",2025-10-20,parttime,True,,https://www.qvest.com/,Mitte,52.52,13.405
in-6e8cec46e36fb375,indeed,https://de.indeed.com/viewjob?jk=6e8cec46e36fb375,https://hubject-gmbh.jobs.personio.de/job/2395190?language=en,Senior Product Owner – eRoaming (all genders),Hubject GmbH,"Berlin, BE, DE",2025-10-20,fulltime,True,,http://www.hubject.de,Mitte,52.52,13.405
in-7c75faffee6630df,indeed,https://de.indeed.com/viewjob?jk=7c75faffee6630df,http://de.indeed.com/job/chief-technology-officer-cto-mwd-7c75faffee6630df,Chief Technology Officer (CTO) (m/w/d),LINEAR SERVICE GMBH,"Berlin, BE, DE",2025-10-20,fulltime,True,,,Mitte,52.52,13.405
in-155a879cbf263f46,indeed,https://de.indeed.com/viewjob?jk=155a879cbf263f46,https://t.gohiring.com/h/f4641bba888b5dff67c61ce88e86dd7cf6aaae350ee3323675bb9dd4bd543624?source=Indeed,Senior (Lead) Softwareentwickler Java (all genders),]init[ AG,"Berlin, BE, DE",2025-10-17,"parttime, fulltime",True,,https://www.init.de,Mitte,52.52,13.405
in-87c4941d615fa942,indeed,https://de.indeed.com/viewjob?jk=87c4941d615fa942,https://t.gohiring.com/h/5246f13cc14d9cc033ae9bb1efbc4f3938ee1155fbbb5747c19f1c099cf2a7b4?source=Indeed,Senior Softwareentwickler IAM (all genders),]init[ AG,"Berlin, BE, DE",2025-10-17,"parttime, fulltime",True,,https://www.init.de,Mitte,52.52,13.405
in-9585ab0b4bd15d8b,indeed,https://de.indeed.com/viewjob?jk=9585ab0b4bd15d8b,https://t.gohiring.com/h/a1a756df7d7b10e91bc78d2aa50a8d3e71137c8965ce2af801c4f06ce1cba0b6?source=Indeed,Senior QA Engineer (m/w/d),Lumenaza,"Berlin-Kreuzberg, BE, DE",2025-10-17,fulltime,True,,,Kreuzberg,52.4964,13.4184
in-22dd869e5b1700b7,indeed,https://de.indeed.com/viewjob?jk=22dd869e5b1700b7,https://bertrandtgroup.onlyfy.jobs/job/dt50qrn9m91g9v6sb6h3pl3p39dfjcj,DevOps- und Infrastrukturentwickler (m/w/d) – Sichere Kommunikationssysteme,Bertrandt,"Berlin, BE, DE",2025-10-17,fulltime,True,Auto,http://www.bertrandt.com/,Mitte,52.52,13.405
in-bc92cf95c3800d30,indeed,https://de.indeed.com/viewjob?jk=bc92cf95c3800d30,https://jobs.iti-software.de/offer/frontend-softwaretesterin-manuell-t/344849b4-6acb-4b47-a663-eb46beca8ac5,Frontend Softwaretester*in Manuell / Testautomatisierung (m/w/d),IT & I Internet-Technologien und Informationsverarbeitungs-GmbH,"Berlin, BE, DE",2025-10-17,fulltime,False,,,Mitte,52.52,13.405
in-a958b7a5ec8e9e2f,indeed,https://de.indeed.com/viewjob?jk=a958b7a5ec8e9e2f,https://nomitri.recruitee.com/o/experienced-full-stack-backend-engineer-at-fast-growing-berlin-ai-company?source=Indeed,Experienced Full Stack Backend Engineer at fast growing Berlin AI company,Nomitri,"Berlin, BE, DE",2025-10-17,fulltime,True,,,Mitte,52.52,13.405
in-629922a6b5e05975,indeed,https://de.indeed.com/viewjob?jk=629922a6b5e05975,https://www.amazon.jobs/jobs/3098362/aws-security-assurance-services-practice-manager-germany--eu-aws-security-assurance-services-?cmpid=DA_INAD200785B,"AWS Security Assurance Services, Practice Manager, Germany & EU, AWS Security Assurance Services",Amazon Web Services,"Berlin, BE, DE",2025-09-16,fulltime,False,,https://aws.amazon.com/careers/why-aws/,Mitte,52.52,13.405
in-11c559d43cf59d2d,indeed,https://de.indeed.com/viewjob?jk=11c559d43cf59d2d,https://www.amazon.jobs/jobs/3063461/senior-solutions-architect-germany-public-sector?cmpid=DA_INAD200785B,"Senior Solutions Architect, Germany Public Sector",Amazon Web Services,"Berlin, BE, DE",2025-08-13,fulltime,False,,https://aws.amazon.com/careers/why-aws/,Mitte,52.52,13.405
in-1fe7345bbe422233,indeed,https://de.indeed.com/viewjob?jk=1fe7345bbe422233,https://www.amazon.jobs/jobs/2968254/senior-delivery-consultant-genaiml-aws-professional-services?cmpid=DA_INAD200785B,"Senior Delivery Consultant- GenAI/ML, AWS, Professional Services",Amazon Web Services,"Berlin, BE, DE",2025-04-16,fulltime,False,,https://aws.amazon.com/careers/why-aws/,Mitte,52.52,13.405
in-a2487412955720b8,indeed,https://de.indeed.com/viewjob?jk=a2487412955720b8,https://www.amazon.jobs/jobs/2935485/delivery-consultant--databases-migration--modernisation-am?cmpid=DA_INAD200785B,"Delivery Consultant - Databases Migration & Modernisation, AM3",Amazon Web Services,"Berlin, BE, DE",2025-03-05,fulltime,False,,https://aws.amazon.com/careers/why-aws/,Mitte,52.52,13.405
li-4306734677,linkedin,https://www.linkedin.com/jobs/view/4306734677,,"DevOPS/Systems Engineer, Managed Operations",Amazon Web Services (AWS),"Berlin, Germany",2025-10-18,,False,,,Mitte,52.52,13.405
li-4313864777,linkedin,https://www.linkedin.com/jobs/view/4313864777,,IT Consultant (m/w/d),Adinger,"Berlin, Berlin, Germany",2025-10-18,,False,,,Mitte,52.52,13.405
li-4316090564,linkedin,https://www.linkedin.com/jobs/view/4316090564,,DevOps Enablement,develop,"Berlin, Berlin, Germany",2025-10-17,,False,,,Mitte,52.52,13.405
li-4309532635,linkedin,https://www.linkedin.com/jobs/view/4309532635,,Site Reliability Engineering Architect,Cavendish Professionals,"Berlin, Germany",2025-10-17,,False,,,Mitte,52.52,13.405
li-4313383118,linkedin,https://www.linkedin.com/jobs/view/4313383118,,Junior Linux Systemadministrator (m/w/d),ssystems GmbH,"Berlin, Berlin, Germany",2025-10-17,,False,,,Mitte,52.52,13.405
li-4316332779,linkedin,https://www.linkedin.com/jobs/view/4316332779,,(Senior) DevOps Engineer (w/m/d),Bechtle,"Berlin, Berlin, Germany",2025-10-17,,False,,,Mitte,52.52,13.405
li-4313305995,linkedin,https://www.linkedin.com/jobs/view/4313305995,,Interim DevOps Architekt (m/w/d),Michael Page,"Berlin, Berlin, Germany",2025-10-17,,False,,,Mitte,52.52,13.405
li-4253778493,linkedin,https://www.linkedin.com/jobs/view/4253778493,,Associate DevOps Engineer (m/w/d),Bundesdruckerei-Gruppe,"Berlin, Berlin, Germany",2025-10-17,,False,,,Mitte,52.52,13.405
li-4315861418,linkedin,https://www.linkedin.com/jobs/view/4315861418,,Mid-Level-DevOps/Cloud Engineer (m/w/d),ezeep,"Berlin, Berlin, Germany",2025-10-16,,False,,,Mitte,52.52,13.405
li-4315879325,linkedin,https://www.linkedin.com/jobs/view/4315879325,,"Senior Site Reliability Engineer (m,w,d)",ZABEL,"Berlin, Germany",2025-10-16,,False,,,Mitte,52.52,13.405
li-4315234705,linkedin,https://www.linkedin.com/jobs/view/4315234705,,(Senior) Site Reliability Engineer / DevOps (m/f/x),flaschenpost SE,"Berlin, Berlin, Germany",2025-10-16,,False,,,Mitte,52.52,13.405
li-4315672725,linkedin,https://www.linkedin.com/jobs/view/4315672725,,Cloud Architect,THRYVE,"Berlin, Germany",2025-10-16,,False,,,Mitte,52.52,13.405
li-4315896711,linkedin,https://www.linkedin.com/jobs/view/4315896711,,DevOps Engineer - Network & Systems (m/w/d),Deutscher BundeswehrVerband e.V.,"Berlin, Berlin, Germany",2025-10-16,,False,,,Mitte,52.52,13.405
li-4312262066,linkedin,https://www.linkedin.com/jobs/view/4312262066,,DevOps Engineer (w/m/d) CityLAB,Technologiestiftung Berlin,"Berlin, Berlin, Germany",2025-10-15,,False,,,Mitte,52.52,13.405
li-4314738287,linkedin,https://www.linkedin.com/jobs/view/4314738287,,Engineering Manager - DevOps,Impala Search,"Berlin, Germany",2025-10-15,,False,,,Mitte,52.52,13.405
li-4312276220,linkedin,https://www.linkedin.com/jobs/view/4312276220,,Junior Data Engineer (m/w/d),CBTW,"Berlin, Berlin, Germany",2025-10-15,,False,,,Mitte,52.52,13.405
li-4302689066,linkedin,https://www.linkedin.com/jobs/view/4302689066,,Team Lead Cloud Infrastructure & Transformation (m/f/d),Simon-Kucher,"Berlin, Berlin, Germany",2025-10-15,,False,,,Mitte,52.52,13.405
li-4302958602,linkedin,https://www.linkedin.com/jobs/view/4302958602,,"Site Reliability Engineer, Cloud Security",Miro,"Berlin, Berlin, Germany",2025-10-15,,False,,,Mitte,52.52,13.405
li-4312287377,linkedin,https://www.linkedin.com/jobs/view/4312287377,,Senior Security Engineer (m/w/d),bonify Germany,"Berlin, Berlin, Germany",2025-10-15,,False,,,Mitte,52.52,13.405
li-4317819381,linkedin,https://www.linkedin.com/jobs/view/4317819381,,SecOps Engineer - Active Directory (m/w/d),BWI GmbH,"Berlin, Berlin, Germany",,,False,,,Mitte,52.52,13.405
li-4318116156,linkedin,https://www.linkedin.com/jobs/view/4318116156,,Site Reliability Expert II - all genders,Lightspeed Commerce,"Berlin, Berlin, Germany",,,False,,,Mitte,52.52,13.405
li-4310438046,linkedin,https://www.linkedin.com/jobs/view/4310438046,,"Senior Manager, Engineering",Staffbase,"Berlin, Berlin, Germany",,,False,,,Mitte,52.52,13.405
in-5b7912124c6017dd,indeed,https://de.indeed.com/viewjob?jk=5b7912124c6017dd,https://t.gohiring.com/h/2c7aa3a64d5ee1e042ea9e20951ba471ee9cb384c8507f695cdee147e0205436?source=Indeed,Full-Stack Engineer (TypeScript / Next.js) (m/f/d),CLARK Holding SE,"Berlin, BE, DE",2025-10-21,fulltime,False,,,Mitte,52.52,13.405
in-c7055953191b0d2a,indeed,https://de.indeed.com/viewjob?jk=c7055953191b0d2a,https://t.gohiring.com/h/31bf5e7b0807237edd54f0c8c32cfef03304312ac31ee52c86c526fdf3fb0569?source=Indeed,Lead Fullstack Engineer (f/m/d),shyftplan,"Berlin-Kreuzberg, BE, DE",2025-10-21,fulltime,False,,,Kreuzberg,52.4964,13.4184
in-2805cdf9663cc2a8,indeed,https://de.indeed.com/viewjob?jk=2805cdf9663cc2a8,https://t.gohiring.com/h/7797e77e27bb0d44e26087fc5cbd85ccc16c9dc5d8a50774ca6b76e1bb5a4b6a?source=Indeed,"Senior Software Engineer Backend (all genders) | Berlin, hybrid or remote",Aroundhome,"Berlin, BE, DE",2025-10-21,fulltime,True,Internet And Software,https://www.aroundhome.de/unternehmen/ueber-uns/,Mitte,52.52,13.405
in-0a1212bca80a51bf,indeed,https://de.indeed.com/viewjob?jk=0a1212bca80a51bf,https://jobs.ashbyhq.com/Leapsome/e3e187b2-b449-4528-a6eb-8c9656c395b8?utm_source=5QMEaVBaZL,Senior Full Stack Software Engineer (d/f/m),Leapsome GmbH,"Berlin, BE, DE",2025-10-21,fulltime,False,,http://www.leapsome.com,Mitte,52.52,13.405
in-77401e9194b619c1,indeed,https://de.indeed.com/viewjob?jk=77401e9194b619c1,https://careers-here.icims.com/jobs/78535/job?utm_source=indeed_integration&iis=Job%20Board&iisn=Indeed&indeed-apply-token=73a2d2b2a8d6d5c0a62696875eaebd669103652d3f0c2cd5445d3e66b1592b0f,Senior Software Engineer (C++/ Rust) m/w/d,HERE Technologies,"Berlin, BE, DE",2025-10-20,fulltime,False,Internet And Software,http://www.here.com,Mitte,52.52,13.405
in-7378f896678689c2,indeed,https://de.indeed.com/viewjob?jk=7378f896678689c2,https://berlinstartupjobs.com/engineering/senior-software-engineer-secure-ai-infrastructure-edgeless-systems/,Senior Software Engineer – Secure AI Infrastructure,Edgeless Systems GmbH,"Berlin, BE, DE",2025-10-20,,True,,http://www.edgeless.systems,Mitte,52.52,13.405
in-ce5205d7c94a3425,indeed,https://de.indeed.com/viewjob?jk=ce5205d7c94a3425,https://www.sumup.com/careers/positions//berlin-germany/data-engineerscientist/senior-data-engineer/8214605002/?vcc_viewport=desktop&vcc_geo_country=US&vcc_ab_experiments=_website__careers_pages%3Aon%2628006100487%3A27963130817%26default-rollout-173770-18396730089%3Aon%26first-test%3Avariation_1%26everyone%3Aon%26default-rollout-301027-18396730089%3Aon%26default-rollout-345066-18396730089%3Aon%26header_test__only_text__deploytd1_deploytd1%3Atexto_original%26_cl___website__compra_o_arrienda_cta_header%3Awithout_cta&vcc_feature_toggles=_website__navigation_revamp%257C_website__wb_replacement_page_endpoint_careers%257C_website__computed_price%257CU27HjKLUQTyTE3n5Qd8MkW%257C_website__wb_replacement_page_endpoint_manuals%257C_website__prc_coupons%257Ccl_ley_de_transferencias_tracking%257C_cl__homepage_new_ver_test%257C_cl___website__compra_o_arrienda_cta_header&slug=positions,Senior Data Engineer,SumUp,"Berlin, BE, DE",2025-10-20,,False,,https://www.sumup.com/careers/,Mitte,52.52,13.405
in-8469a62ae9ec2807,indeed,https://de.indeed.com/viewjob?jk=8469a62ae9ec2807,https://www.sumup.com/careers/positions//berlin-germany/data-engineerscientist/senior-software-engineer/8161987002/?vcc_viewport=desktop&vcc_geo_country=US&vcc_ab_experiments=_website__careers_pages%3Aon%2628006100487%3A27963130817%26default-rollout-173770-18396730089%3Aon%26first-test%3Avariation_1%26everyone%3Aon%26default-rollout-301027-18396730089%3Aon%26default-rollout-345066-18396730089%3Aon%26header_test__only_text__deploytd1_deploytd1%3Atexto_original%26_cl___website__compra_o_arrienda_cta_header%3Awithout_cta&vcc_feature_toggles=_website__navigation_revamp%257C_website__wb_replacement_page_endpoint_careers%257C_website__computed_price%257CU27HjKLUQTyTE3n5Qd8MkW%257C_website__wb_replacement_page_endpoint_manuals%257C_website__prc_coupons%257Ccl_ley_de_transferencias_tracking%257C_cl__homepage_new_ver_test%257C_cl___website__compra_o_arrienda_cta_header&slug=positions,Senior Software Engineer,SumUp,"Berlin, BE, DE",2025-10-20,,False,,https://www.sumup.com/careers/,Mitte,52.52,13.405
in-01b0bde8c87d8c2b,indeed,https://de.indeed.com/viewjob?jk=01b0bde8c87d8c2b,https://www.sumup.com/careers/positions//berlin-germany/android/senior-software-engineer-android-pointofsale/8003470002/?vcc_viewport=desktop&vcc_geo_country=US&vcc_ab_experiments=_website__careers_pages%3Aon%2628006100487%3A27963130817%26default-rollout-173770-18396730089%3Aon%26first-test%3Avariation_1%26everyone%3Aon%26default-rollout-301027-18396730089%3Aon%26default-rollout-345066-18396730089%3Aon%26header_test__only_text__deploytd1_deploytd1%3Atexto_original%26_cl___website__compra_o_arrienda_cta_header%3Awithout_cta&vcc_feature_toggles=_website__navigation_revamp%257C_website__wb_replacement_page_endpoint_careers%257C_website__computed_price%257CU27HjKLUQTyTE3n5Qd8MkW%257C_website__wb_replacement_page_endpoint_manuals%257C_website__prc_coupons%257Ccl_ley_de_transferencias_tracking%257C_cl__homepage_new_ver_test%257C_cl___website__compra_o_arrienda_cta_header&slug=positions,"Senior Software Engineer, Android - Point-of-Sale",SumUp,"Berlin, BE, DE",2025-10-20,,False,,https://www.sumup.com/careers/,Mitte,52.52,13.405
in-88d8ba06fc8c5003,indeed,https://de.indeed.com/viewjob?jk=88d8ba06fc8c5003,https://www.sumup.com/careers/positions//berlin-germany/engineering/backend-engineer-global-bank/8181715002/?vcc_viewport=desktop&vcc_geo_country=US&vcc_ab_experiments=_website__careers_pages%3Aon%2628006100487%3A27963130817%26default-rollout-173770-18396730089%3Aon%26first-test%3Avariation_1%26everyone%3Aon%26default-rollout-301027-18396730089%3Aon%26default-rollout-345066-18396730089%3Aon%26header_test__only_text__deploytd1_deploytd1%3Atexto_original%26_cl___website__compra_o_arrienda_cta_header%3Awithout_cta&vcc_feature_toggles=_website__navigation_revamp%257C_website__wb_replacement_page_endpoint_careers%257C_website__computed_price%257CU27HjKLUQTyTE3n5Qd8MkW%257C_website__wb_replacement_page_endpoint_manuals%257C_website__prc_coupons%257Ccl_ley_de_transferencias_tracking%257C_cl__homepage_new_ver_test%257C_cl___website__compra_o_arrienda_cta_header&slug=positions,Backend Engineer - Global Bank,SumUp,"Berlin, BE, DE",2025-10-20,,False,,https://www.sumup.com/careers/,Mitte,52.52,13.405
in-1a843b941d5fb0fe,indeed,https://de.indeed.com/viewjob?jk=1a843b941d5fb0fe,https://careers-here.icims.com/jobs/78559/job?utm_source=indeed_integration&iis=Job%20Board&iisn=Indeed&indeed-apply-token=73a2d2b2a8d6d5c0a62696875eaebd669103652d3f0c2cd5445d3e66b1592b0f,Senior R&D Test Engineer (Field Testing),HERE Technologies,"Berlin, BE, DE",2025-10-20,fulltime,False,Internet And Software,http://www.here.com,Mitte,52.52,13.405
in-cc6cdbbe36380342,indeed,https://de.indeed.com/viewjob?jk=cc6cdbbe36380342,https://careers-here.icims.com/jobs/78560/job?utm_source=indeed_integration&iis=Job%20Board&iisn=Indeed&indeed-apply-token=73a2d2b2a8d6d5c0a62696875eaebd669103652d3f0c2cd5445d3e66b1592b0f,Lead R&D Test Engineer (Field Testing),HERE Technologies,"Berlin, BE, DE",2025-10-20,fulltime,False,Internet And Software,http://www.here.com,Mitte,52.52,13.405
in-bfb1dabb5cbc1ddb,indeed,https://de.indeed.com/viewjob?jk=bfb1dabb5cbc1ddb,https://lynxbroker-jobs.softgarden.io/job/59871810/Senior-Software-Engineer-Python-and-React-?jobDbPVId=251163395&l=en,Senior Software Engineer - Python and React,LYNX B.V.,"Berlin, BE, DE",2025-10-02,fulltime,False,,https://www.lynx.nl,Mitte,52.52,13.405
in-971c42f7a999dcb3,indeed,https://de.indeed.com/viewjob?jk=971c42f7a999dcb3,https://careers.ageras.com/jobs/6417512-senior-site-reliability-engineer,Senior Site Reliability Engineer,Shine,"Berlin, BE, DE",2025-09-08,,False,,http://www.shinewindows.ca,Mitte,52.52,13.405
in-c391bfa63de03c71,indeed,https://de.indeed.com/viewjob?jk=c391bfa63de03c71,https://www.amazon.jobs/jobs/3111351/program-manager-startup--global-engineering-services?cmpid=DA_INAD200785B,"Program Manager Startup , Global Engineering Services",Amazon.com,"Berlin, BE, DE",2025-08-28,fulltime,False,Internet And Software,https://www.amazon.jobs,Mitte,52.52,13.405
in-0fc6684892b9b8bb,indeed,https://de.indeed.com/viewjob?jk=0fc6684892b9b8bb,https://careers.ageras.com/jobs/6294369-product-manager-invoicing-fixed-term-contract-1-year,Product Manager - Invoicing - Fixed-term contract (1 year),Shine,"Berlin, BE, DE",2025-08-12,,True,,http://www.shinewindows.ca,Mitte,52.52,13.405
in-840cfe36e4750d86,indeed,https://de.indeed.com/viewjob?jk=840cfe36e4750d86,https://careers.smartclip.tv/jobs/6295599-software-engineer-w-m-d-scala,Software Engineer (w/m/d) - Scala,smartclip Europe GmbH,"Berlin, BE, DE",2025-08-12,,True,,,Mitte,52.52,13.405
in-f6c0f944d272500b,indeed,https://de.indeed.com/viewjob?jk=f6c0f944d272500b,https://www.amazon.jobs/jobs/3071238/senior-applied-scientist-proserve-generative-ai-innovation-center?cmpid=DA_INAD200785B,"Senior Applied Scientist, ProServe Generative AI Innovation Center",Amazon Web Services,"Berlin, BE, DE",2025-08-04,fulltime,False,,https://aws.amazon.com/careers/why-aws/,Mitte,52.52,13.405
li-4314362659,linkedin,https://www.linkedin.com/jobs/view/4314362659,,Junior Frontend Developer (m/w/d),CKM Group,"Berlin, Berlin, Germany",2025-10-20,,False,,,Mitte,52.52,13.405
li-4314347980,linkedin,https://www.linkedin.com/jobs/view/4314347980,,Junior Developer (m/w/d),CKM Group,"Berlin, Berlin, Germany",2025-10-20,,False,,,Mitte,52.52,13.405
li-4314366920,linkedin,https://www.linkedin.com/jobs/view/4314366920,,Frontend-Entwickler (m/w/d),CBTW,"Berlin, Berlin, Germany",2025-10-20,,False,,,Mitte,52.52,13.405
li-4314354266,linkedin,https://www.linkedin.com/jobs/view/4314354266,,Embedded Software Engineer (m/f/d),ENWAY a Bucher Company,"Berlin, Berlin, Germany",2025-10-20,,False,,,Mitte,52.52,13.405
li-4317351267,linkedin,https://www.linkedin.com/jobs/view/4317351267,,AI Developer,TripleTen,"Berlin, Berlin, Germany",2025-10-20,,False,,,Mitte,52.52,13.405
li-4317098482,linkedin,https://www.linkedin.com/jobs/view/4317098482,,Frontend Developer,develop,"Berlin, Berlin, Germany",2025-10-20,,False,,,Mitte,52.52,13.405
li-4316569445,linkedin,https://www.linkedin.com/jobs/view/4316569445,,Software Engineer - Frontend,Blacklane,"Berlin, Germany",2025-10-18,,False,,,Mitte,52.52,13.405
li-4316304384,linkedin,https://www.linkedin.com/jobs/view/4316304384,,Software Engineer (Full-Stack),Langdock,"Berlin, Berlin, Germany",2025-10-17,,False,,,Mitte,52.52,13.405
li-4316505063,linkedin,https://www.linkedin.com/jobs/view/4316505063,,Software Engineer (w/m/d),Capgemini,"Berlin, Berlin, Germany",2025-10-17,,False,,,Mitte,52.52,13.405
li-4315834656,linkedin,https://www.linkedin.com/jobs/view/4315834656,,(Junior) Frontend Developer – CRM  (f/m/d),Enpal,"Berlin, Berlin, Germany",2025-10-16,,False,,,Mitte,52.52,13.405
li-4315231825,linkedin,https://www.linkedin.com/jobs/view/4315231825,,(Junior) Frontend Developer – CRM (f/m/d),Enpal,"Berlin, Berlin, Germany",2025-10-16,,False,,,Mitte,52.52,13.405
li-4315854289,linkedin,https://www.linkedin.com/jobs/view/4315854289,,Java Softwareentwickler (m/w/d),Gebit Solutions GmbH,"Berlin, Berlin, Germany",2025-10-16,,False,,,Mitte,52.52,13.405
li-4315309204,linkedin,https://www.linkedin.com/jobs/view/4315309204,,Fullstack Developer (m/w/d),Wurth Elektronik,"Berlin, Berlin, Germany",2025-10-15,,False,,,Mitte,52.52,13.405
li-4315151357,linkedin,https://www.linkedin.com/jobs/view/4315151357,,Full Stack Engineer,Bridge,"Berlin, Germany",2025-10-15,,False,,,Mitte,52.52,13.405
li-4314749922,linkedin,https://www.linkedin.com/jobs/view/4314749922,,Java Software Engineer,1GLOBAL,"Berlin, Berlin, Germany",2025-10-15,,False,,,Mitte,52.52,13.405
li-4315413278,linkedin,https://www.linkedin.com/jobs/view/4315413278,,Fullstack Engineer (f/m/d),Aware,"Berlin, Berlin, Germany",,,False,,,Mitte,52.52,13.405
li-4316935357,linkedin,https://www.linkedin.com/jobs/view/4316935357,,Graduate software engineer,Bending Spoons,"Berlin, Berlin, Germany",,,False,,,Mitte,52.52,13.405
li-4317853905,linkedin,https://www.linkedin.com/jobs/view/4317853905,,Full-Stack-Entwickler (m/w/d),Codewerk,"Berlin, Berlin, Germany",,,False,,,Mitte,52.52,13.405
li-4315407999,linkedin,https://www.linkedin.com/jobs/view/4315407999,,CV/AI engineer,pHera,"Berlin, Berlin, Germany",,,False,,,Mitte,52.52,13.405
li-4308093999,linkedin,https://www.linkedin.com/jobs/view/4308093999,,Fullstack Software Engineer,TechTree,"Berlin, Berlin, Germany",,,False,,,Mitte,52.52,13.405
li-4314995853,linkedin,https://www.linkedin.com/jobs/view/4314995853,,Working Student (m/f/d) Software Development,growney GmbH,"Berlin, Berlin, Germany",,,False,,,Mitte,52.52,13.405
